time_s,err_mag,err_x,err_y,err_z
7.415,3.291115,2.34998,2.039613,1.071921
7.514,3.291337,2.350064,2.040371,1.070973
7.611,3.292099,2.350459,2.041474,1.070346
7.715,3.292843,2.350973,2.04208,1.070352
7.811,3.293768,2.351685,2.042699,1.070453
7.912,3.294809,2.352727,2.043054,1.07069
8.013,3.295796,2.353786,2.043365,1.070803
8.115,3.296491,2.354624,2.043397,1.071039
8.217,3.297165,2.355321,2.043222,1.071916
8.318,3.298333,2.35648,2.042972,1.073435
8.416,3.298948,2.357029,2.042714,1.074612
8.524,3.300012,2.357917,2.042596,1.076155
8.626,3.301316,2.359006,2.042572,1.07781
8.716,3.302439,2.359924,2.042563,1.079259
8.828,3.303355,2.361574,2.041881,1.079742
8.916,3.302927,2.362646,2.040696,1.078325
9.014,3.301053,2.363692,2.038125,1.075156
9.116,3.297109,2.364267,2.033809,1.069948
9.216,3.291518,2.364278,2.027937,1.063837
9.323,3.28329,2.363762,2.01946,1.055654
9.426,3.274461,2.362648,2.01051,1.047776
9.515,3.265504,2.361165,2.00168,1.040044
9.62,3.254624,2.359239,1.990531,1.031676
9.721,3.242767,2.356769,1.9783,1.023479
9.823,3.229354,2.353941,1.963921,1.015235
9.927,3.21675,2.351311,1.950029,1.008071
10.029,3.204198,2.348494,1.935919,1.001838
10.118,3.192297,2.345734,1.922331,0.996463
10.221,3.178508,2.342099,1.906876,0.990612
10.326,3.163787,2.340507,1.886301,0.986633
10.43,3.148285,2.335428,1.869506,0.98103
10.525,3.132518,2.330019,1.852927,0.974855
10.623,3.116795,2.324941,1.835451,0.969629
10.72,3.101364,2.318742,1.820413,0.963324
10.823,3.083358,2.312001,1.801308,0.957621
10.925,3.066142,2.304723,1.784244,0.951815
11.03,3.048379,2.296989,1.767112,0.945395
11.126,3.031032,2.289174,1.750561,0.939346
11.227,3.013507,2.281523,1.733891,0.932469
11.324,2.996103,2.273617,1.717551,0.925914
11.421,2.978951,2.265869,1.701408,0.919345
11.521,2.961822,2.25754,1.685733,0.913349
11.626,2.944645,2.249217,1.670199,0.906859
11.732,2.92612,2.239961,1.653578,0.900239
11.826,2.910868,2.232468,1.639426,0.895278
11.925,2.893781,2.223142,1.625061,0.889262
12.025,2.876439,2.213828,1.610075,0.883473
12.125,2.859285,2.204657,1.595127,0.877819
12.226,2.841336,2.194644,1.580256,0.871505
12.327,2.823955,2.185013,1.565683,0.86549
12.436,2.803979,2.1735,1.54953,0.858577
12.525,2.78792,2.163753,1.537209,0.85303
12.631,2.768122,2.151929,1.521676,0.846287
12.725,2.751506,2.141317,1.509721,0.840409
12.847,2.735507,2.131189,1.497821,0.835204
12.928,2.714779,2.117832,1.482879,0.828181
13.035,2.701768,2.109555,1.473332,0.823785
13.141,2.67807,2.093418,1.457412,0.81585
13.225,2.656458,2.078634,1.443119,0.808367
13.333,2.634054,2.062809,1.428701,0.801168
13.434,2.613357,2.047638,1.416419,0.794085
13.53,2.595113,2.034525,1.40483,0.788526
13.629,2.574542,2.019242,1.392646,0.781963
13.735,2.552586,2.002724,1.379389,0.775938
13.827,2.535053,1.989114,1.369386,0.771169
13.936,2.515422,1.97363,1.358582,0.765761
14.037,2.494439,1.956837,1.347747,0.759337
14.134,2.474465,1.940762,1.33754,0.753263
14.229,2.456467,1.92542,1.32933,0.748245
14.335,2.434196,1.906783,1.318795,0.741803
14.431,2.416309,1.891709,1.310032,0.737428
14.534,2.395876,1.874066,1.301293,0.731256
14.642,2.375274,1.856441,1.292232,0.725045
14.738,2.352621,1.836676,1.28285,0.718154
14.861,2.338415,1.824074,1.277334,0.713691
14.94,2.313359,1.801641,1.267866,0.705858
15.032,2.297161,1.786777,1.261975,0.701284
15.135,2.272875,1.765151,1.251446,0.695761
15.238,2.250825,1.744063,1.24417,0.690289
15.774,2.24469,1.738446,1.24165,0.689016
15.779,2.182215,1.678108,1.221259,0.674199
15.885,2.119874,1.618381,1.202057,0.655566
15.984,2.099038,1.59829,1.196453,0.64802
16.085,2.078721,1.578061,1.191716,0.640796
16.181,2.058505,1.558058,1.187125,0.632956
16.284,2.041425,1.542662,1.180367,0.627967
16.385,2.020002,1.52162,1.174843,0.620341
16.489,2.001217,1.504425,1.168002,0.614285
16.582,1.98307,1.488976,1.159606,0.608961
16.682,1.967265,1.476892,1.15011,0.60512
16.785,1.948309,1.463711,1.137991,0.598692
16.887,1.931881,1.454132,1.124628,0.594035
16.989,1.915416,1.446325,1.109143,0.588868
17.099,1.899282,1.44002,1.092489,0.583165
17.186,1.884303,1.436894,1.072513,0.579355
17.297,1.868659,1.432437,1.055104,0.571635
17.384,1.853696,1.430219,1.03493,0.565318
17.483,1.839074,1.429162,1.013509,0.559007
17.585,1.825257,1.429422,0.990979,0.553423
17.685,1.811286,1.429553,0.968145,0.547567
17.787,1.796963,1.429229,0.945508,0.540737
17.884,1.783313,1.430177,0.920978,0.53535
17.984,1.769184,1.429926,0.897498,0.528982
18.085,1.755561,1.430713,0.871881,0.524289
18.185,1.741675,1.430348,0.847647,0.518683
18.283,1.727404,1.429819,0.82225,0.513272
18.395,1.711887,1.42902,0.794674,0.506905
18.484,1.698425,1.427377,0.772095,0.501108
18.593,1.684908,1.427618,0.743598,0.497879
18.685,1.67265,1.426302,0.721196,0.493253
18.792,1.657351,1.424124,0.693429,0.48769
18.888,1.645383,1.42302,0.669553,0.483734
18.994,1.630344,1.420314,0.642124,0.477921
19.095,1.617197,1.418237,0.616851,0.47268
19.188,1.606826,1.416321,0.597035,0.468478
19.288,1.594243,1.413891,0.572174,0.463831
19.387,1.581238,1.410832,0.547654,0.458192
19.497,1.571907,1.409202,0.527284,0.454986
19.595,1.555284,1.404669,0.495027,0.448067
19.699,1.542915,1.400933,0.467442,0.446623
19.797,1.527914,1.395079,0.443592,0.437609
19.905,1.513334,1.389166,0.416776,0.432082
20.008,1.500873,1.384254,0.391995,0.427551
20.103,1.489641,1.379535,0.369857,0.423224
20.196,1.477523,1.374247,0.344877,0.419023
20.295,1.464401,1.367314,0.321703,0.414041
20.395,1.452358,1.360938,0.298261,0.410162
20.493,1.439494,1.353484,0.275546,0.40534
20.596,1.426782,1.345735,0.253097,0.400808
20.694,1.414688,1.338195,0.230833,0.396602
20.794,1.401801,1.329433,0.209802,0.391964
20.898,1.389482,1.32091,0.189173,0.387388
20.993,1.376912,1.311592,0.170178,0.382949
21.097,1.364267,1.301835,0.151795,0.378693
21.194,1.351258,1.291209,0.134258,0.375038
21.293,1.338379,1.280481,0.119121,0.370723
21.395,1.32452,1.268486,0.105366,0.366325
21.496,1.310736,1.256245,0.093234,0.362195
21.598,1.295667,1.242484,0.081966,0.358148
21.693,1.280887,1.228755,0.071645,0.354543
21.795,1.266053,1.214661,0.061444,0.35173
21.894,1.249213,1.199046,0.053701,0.346319
22.008,1.23285,1.183341,0.042437,0.343254
22.104,1.216737,1.168224,0.034092,0.338437
22.203,1.2014,1.153632,0.024994,0.334471
22.373,1.193697,1.146363,0.020574,0.332174
22.404,1.169578,1.123646,0.0072,0.324469
22.574,1.157439,1.11246,0.001733,0.319522
22.6,1.136834,1.093062,-0.010918,0.312233
22.782,1.128516,1.084874,-0.01854,0.310248
22.8,1.10632,1.06389,-0.033139,0.301633
22.986,1.094765,1.053129,-0.040186,0.296334
23.005,1.073611,1.033107,-0.052727,0.287315
23.192,1.061115,1.021193,-0.060863,0.281827
23.205,1.042993,1.003299,-0.073955,0.275236
23.4,1.02892,0.989506,-0.082652,0.269672
23.403,1.010433,0.971579,-0.091205,0.262091
23.601,0.99534,0.957205,-0.09612,0.255386
23.603,0.975085,0.936904,-0.104647,0.249098
23.808,0.96063,0.922056,-0.111334,0.245413
23.813,0.939276,0.900677,-0.118843,0.238532
24.01,0.924757,0.886023,-0.12395,0.234042
24.02,0.90134,0.862274,-0.131643,0.227084
24.216,0.887618,0.847938,-0.137235,0.22368
24.223,0.865547,0.82556,-0.144222,0.216384
24.422,0.850163,0.809975,-0.148984,0.211
24.431,0.827073,0.786021,-0.157607,0.203424
24.629,0.81292,0.770447,-0.165646,0.199532
24.634,0.792094,0.749239,-0.17266,0.190374
24.733,0.774811,0.730768,-0.180615,0.183546
24.834,0.755325,0.711026,-0.186125,0.174116
24.933,0.737186,0.691951,-0.192498,0.166107
25.033,0.71959,0.673164,-0.198153,0.159357
25.144,0.699812,0.652104,-0.203513,0.15192
25.234,0.682268,0.634039,-0.206133,0.144888
25.333,0.664242,0.61489,-0.209277,0.139036
25.444,0.644579,0.593887,-0.21206,0.133458
25.534,0.626412,0.575749,-0.211646,0.126928
25.643,0.605974,0.554658,-0.211915,0.12104
25.736,0.589277,0.537801,-0.21097,0.116227
25.841,0.569125,0.517941,-0.208884,0.109576
25.941,0.549072,0.498642,-0.205572,0.102842
26.041,0.528879,0.479397,-0.201396,0.096595
26.145,0.508282,0.460096,-0.196236,0.090296
26.251,0.483581,0.43721,-0.189505,0.082373
26.348,1.959581,1.420158,0.815407,1.076205
26.451,1.944147,1.401267,0.820512,1.069073
26.555,1.929184,1.382618,0.8249,1.062852
26.637,1.914574,1.364874,0.82851,1.056543
26.743,1.896471,1.343097,0.831682,1.049284
26.844,1.878787,1.322556,0.832856,1.042611
26.945,1.860278,1.30147,0.832441,1.036269
27.045,1.841034,1.27983,0.830687,1.030244
27.14,1.820969,1.257695,0.827639,1.024278
27.244,1.800184,1.235143,0.823334,1.018432
27.344,1.77835,1.211969,0.817737,1.012406
27.444,1.755859,1.188689,0.810802,1.006309
27.544,1.732663,1.165108,0.803025,0.999898
27.642,1.70856,1.141244,0.793978,0.993146
27.743,1.684162,1.117016,0.784316,0.986674
27.846,1.659537,1.092877,0.774006,0.980101
27.947,1.635057,1.068936,0.763156,0.973849
28.047,1.611144,1.045458,0.752032,0.968117
28.143,1.587078,1.022061,0.740223,0.962433
28.255,1.560968,0.996213,0.726642,0.95717
28.343,1.539956,0.974794,0.715394,0.953652
28.443,1.516816,0.950754,0.702954,0.950081
28.544,1.494036,0.926318,0.691149,0.946779
28.644,1.472171,0.901783,0.680056,0.944244
28.753,1.448402,0.87414,0.668761,0.941545
28.843,1.429296,0.851054,0.660374,0.939415
28.954,1.407011,0.822279,0.651497,0.937598
29.051,1.387341,0.79558,0.64437,0.936245
29.15,1.368676,0.768491,0.638431,0.935468
29.254,1.35008,0.740709,0.633419,0.934262
29.351,1.333456,0.715265,0.629603,0.932792
29.447,1.314819,0.686686,0.626014,0.930224
29.553,1.294384,0.655823,0.622108,0.926449
29.654,1.276154,0.628662,0.618378,0.922476
29.754,1.257737,0.602784,0.613566,0.917654
29.85,1.23968,0.579137,0.60738,0.912412
29.955,1.222153,0.558194,0.599257,0.907176
30.054,1.204888,0.539985,0.58897,0.901823
30.153,1.1882,0.524621,0.577069,0.896428
30.253,1.171486,0.51191,0.562943,0.890743
30.35,1.158539,0.503603,0.550498,0.886312
30.455,1.139696,0.493771,0.530023,0.879871
30.555,1.12528,0.487818,0.511898,0.875356
30.65,1.113594,0.484171,0.495258,0.872003
30.757,1.102177,0.482134,0.476467,0.869091
30.859,1.091334,0.482102,0.455206,0.866819
30.96,1.082238,0.483734,0.434815,0.864972
31.067,1.073939,0.486009,0.415594,0.862799
31.162,1.062086,0.48947,0.387744,0.859127
31.26,1.052171,0.491825,0.365261,0.855427
31.353,1.04174,0.493416,0.34164,0.851496
31.452,1.028732,0.494611,0.311792,0.846425
31.551,1.01627,0.494507,0.28427,0.841106
31.66,1.002341,0.493034,0.254389,0.8348
31.755,0.991033,0.4905,0.230356,0.829754
31.859,0.977379,0.485665,0.20253,0.823639
31.953,0.965389,0.479811,0.180838,0.817958
32.052,0.952025,0.471489,0.158533,0.811737
32.156,0.938515,0.46122,0.137911,0.805648
32.259,0.923548,0.447462,0.117676,0.799294
32.362,0.90985,0.432931,0.101382,0.7938
32.453,0.897013,0.418021,0.088562,0.7887
32.571,0.880832,0.398002,0.075299,0.78217
32.656,0.867376,0.379939,0.066653,0.776881
32.767,0.851288,0.356799,0.059146,0.770641
32.863,0.836343,0.334481,0.054868,0.764579
32.962,0.822061,0.311194,0.052721,0.759055
33.064,0.8071,0.28626,0.051911,0.752842
33.156,0.794419,0.263566,0.052594,0.747575
33.264,0.777829,0.234014,0.05388,0.739833
33.365,0.763019,0.20679,0.05535,0.732374
33.468,0.751413,0.185188,0.056427,0.726046
33.565,0.734365,0.153447,0.056948,0.715893
33.662,0.720591,0.128102,0.055978,0.7069
33.759,0.707322,0.104045,0.054084,0.697534
33.863,0.694382,0.081052,0.051262,0.687727
33.963,0.682115,0.059371,0.048138,0.677819
34.066,0.67038,0.038717,0.044734,0.667764
34.164,0.659784,0.019269,0.040903,0.658233
34.262,0.650395,0.001255,0.036948,0.649343
34.363,0.642242,-0.015287,0.032748,0.641224
34.462,0.634745,-0.029733,0.028606,0.633402
34.564,0.628511,-0.041855,0.024628,0.626632
34.673,0.622326,-0.05246,0.020856,0.61976
34.763,0.618035,-0.058583,0.018103,0.614985
34.863,0.614049,-0.062106,0.015637,0.6107
34.961,0.611304,-0.06209,0.014198,0.607977
35.064,0.607661,-0.057169,0.013289,0.60482
35.163,0.604179,-0.049603,0.013506,0.601988
35.264,0.60104,-0.039414,0.014566,0.59957
35.363,0.5977,-0.028302,0.015866,0.596819
35.461,0.594935,-0.017324,0.017482,0.594426
35.566,0.591303,-0.00343,0.019695,0.590965
35.67,0.588247,0.009406,0.021953,0.587762
35.768,0.584505,0.022157,0.024097,0.583587
35.873,0.5801,0.033954,0.026275,0.578509
35.974,0.574566,0.044482,0.02829,0.572143
36.08,0.568049,0.05409,0.030216,0.56466
36.178,0.561427,0.060924,0.031571,0.557218
36.265,0.555065,0.065308,0.032386,0.550258
36.37,0.547181,0.068633,0.033001,0.541856
36.472,0.540322,0.070235,0.033271,0.534704
36.572,0.534172,0.071307,0.033673,0.528319
36.673,0.528744,0.071886,0.034001,0.52273
36.773,0.523865,0.071511,0.033959,0.517849
36.873,0.518714,0.069945,0.033181,0.512904
36.972,0.513733,0.066962,0.031572,0.508371
37.073,0.508866,0.061954,0.029192,0.504237
37.169,0.504374,0.055947,0.026142,0.500579
37.274,0.500395,0.049057,0.022728,0.497465
37.372,0.497029,0.041825,0.019078,0.494899
37.473,2.836114,-1.965428,-1.98452,0.492253
37.572,2.842736,-1.972206,-1.987907,0.489672
37.672,2.848111,-1.977837,-1.990554,0.487436
37.776,2.851406,-1.981872,-1.991848,0.485013
37.873,2.851509,-1.983301,-1.991191,0.482474
37.973,2.848352,-1.982457,-1.988253,0.479399
38.073,2.841527,-1.979038,-1.982762,0.475749
38.175,2.83148,-1.973503,-1.974865,0.471671
38.273,2.818321,-1.965799,-1.964767,0.467176
38.375,2.801971,-1.955968,-1.952304,0.462321
38.472,2.782792,-1.943975,-1.938064,0.456949
38.586,2.758645,-1.928285,-1.920533,0.45099
38.671,2.736801,-1.913586,-1.905182,0.445588
38.774,2.71339,-1.897782,-1.888811,0.43966
38.872,2.682583,-1.876431,-1.86773,0.432252
38.972,2.652889,-1.855497,-1.847767,0.425098
39.074,2.622435,-1.833668,-1.827564,0.418132
39.172,2.591093,-1.810969,-1.806991,0.411015
39.273,2.559629,-1.788186,-1.786365,0.403724
39.379,2.524404,-1.76247,-1.763264,0.396502
39.482,2.493064,-1.739782,-1.742663,0.389424
39.577,2.464745,-1.719142,-1.724131,0.383266
39.682,2.428828,-1.692396,-1.700875,0.376864
39.782,2.396437,-1.668132,-1.68,0.371277
39.88,2.363684,-1.643261,-1.659074,0.366287
39.978,2.330594,-1.618129,-1.637864,0.361563
40.083,2.297818,-1.592691,-1.617327,0.357153
40.182,2.264867,-1.5668,-1.596951,0.352857
40.274,2.234908,-1.542923,-1.578723,0.349051
40.387,2.201671,-1.516356,-1.558619,0.344567
40.479,2.168147,-1.489012,-1.538711,0.340695
40.583,2.131553,-1.459359,-1.516954,0.335623
40.692,2.097986,-1.431872,-1.497334,0.330575
40.786,2.064838,-1.404748,-1.478067,0.324896
40.89,2.031596,-1.377512,-1.458795,0.318994
40.979,1.998406,-1.349905,-1.439923,0.31306
41.098,1.965397,-1.322374,-1.421348,0.306405
41.179,1.932344,-1.294391,-1.403164,0.299391
41.283,1.899542,-1.266388,-1.385351,0.292102
41.382,1.867057,-1.238341,-1.367995,0.284606
41.484,1.834802,-1.209982,-1.351153,0.27718
41.582,1.802911,-1.181445,-1.334889,0.269717
41.682,1.771412,-1.152507,-1.319285,0.262892
41.786,1.740736,-1.123636,-1.30452,0.256578
41.883,1.711014,-1.095242,-1.290398,0.250768
41.98,1.68217,-1.066949,-1.277055,0.245855
42.085,1.654092,-1.038905,-1.264276,0.241462
42.182,1.626525,-1.010561,-1.252086,0.237969
42.282,1.599309,-0.982283,-1.24007,0.234803
42.382,1.572278,-0.953699,-1.228341,0.231721
42.484,1.545508,-0.925197,-1.216671,0.228725
42.583,1.519288,-0.89669,-1.205444,0.226028
42.682,1.493706,-0.868465,-1.194581,0.223387
42.782,1.468614,-0.841231,-1.183435,0.220541
42.882,1.444164,-0.815529,-1.171882,0.217291
42.989,1.417783,-0.789331,-1.158169,0.213801
43.092,1.394426,-0.768312,-1.144504,0.210313
43.192,1.371617,-0.750339,-1.129517,0.206194
43.29,1.349435,-0.735505,-1.113266,0.201605
43.389,1.327652,-0.723699,-1.095638,0.196209
43.515,1.306125,-0.714645,-1.076555,0.190463
43.593,1.284807,-0.707966,-1.056179,0.184385
43.688,1.265708,-0.704011,-1.036607,0.178413
43.792,1.242478,-0.700913,-1.011403,0.171862
43.892,1.221753,-0.699926,-0.987531,0.16603
43.989,1.201075,-0.700346,-0.962602,0.159667
44.092,1.180313,-0.701923,-0.936492,0.15305
44.192,1.159865,-0.704286,-0.909824,0.146589
44.293,1.139546,-0.707491,-0.882328,0.139714
44.389,1.119018,-0.711183,-0.853753,0.132386
44.494,1.098671,-0.714754,-0.824916,0.125367
44.593,1.078436,-0.717814,-0.796038,0.118699
44.693,1.058173,-0.720665,-0.766637,0.112428
44.795,1.037943,-0.723144,-0.736864,0.10686
44.892,1.01798,-0.725402,-0.706906,0.101772
44.993,0.998451,-0.727585,-0.676796,0.097327
45.094,0.979486,-0.729685,-0.646664,0.093699
45.189,0.961287,-0.731791,-0.616732,0.090535
45.307,0.945617,-0.73375,-0.589955,0.088063
45.396,0.928692,-0.7355,-0.560532,0.085524
45.503,0.910916,-0.737236,-0.52859,0.082727
45.599,0.895543,-0.738644,-0.500109,0.07933
45.695,0.880532,-0.739223,-0.472505,0.074998
45.801,0.864333,-0.738498,-0.443742,0.069172
45.892,0.850893,-0.736384,-0.421603,0.06331
45.994,0.835523,-0.732161,-0.398583,0.056306
46.091,0.81996,-0.72652,-0.376983,0.048853
46.193,0.803536,-0.71877,-0.356768,0.041909
46.294,0.786655,-0.709494,-0.337886,0.035734
46.399,0.7671,-0.697093,-0.318755,0.029978
46.493,0.750504,-0.685339,-0.304751,0.026365
46.593,0.73131,-0.670644,-0.290698,0.023353
46.702,0.709303,-0.652604,-0.277062,0.02134
46.802,0.688568,-0.634588,-0.266433,0.0209
46.903,0.667069,-0.615249,-0.256908,0.021166
47.002,0.645052,-0.594798,-0.248584,0.022657
47.096,0.624905,-0.575794,-0.24159,0.024545
47.196,0.602151,-0.55406,-0.234219,0.027308
47.299,0.577035,-0.530017,-0.226036,0.030962
47.402,0.554376,-0.508117,-0.218917,0.035002
47.502,0.532019,-0.48606,-0.212603,0.039873
47.604,0.510018,-0.463901,-0.206994,0.04548
47.698,0.488323,-0.441693,-0.20198,0.050703
47.802,1.368963,0.580879,0.802884,-0.944466
47.901,1.378737,0.603001,0.808016,-0.940434
48.003,1.388402,0.623978,0.812543,-0.937062
48.103,1.396023,0.643084,0.815462,-0.932922
48.198,1.400328,0.658951,0.815614,-0.928158
48.302,1.400753,0.671489,0.812215,-0.922778
48.403,1.397106,0.680793,0.804667,-0.917026
48.503,1.389893,0.686698,0.793646,-0.911248
48.599,1.379466,0.690344,0.778856,-0.905393
48.712,1.367769,0.691733,0.76282,-0.900223
48.802,1.351099,0.6919,0.740182,-0.893797
48.902,1.334263,0.690952,0.717146,-0.888001
49.003,1.316122,0.688841,0.692354,-0.882225
49.1,1.297005,0.68583,0.665924,-0.876586
49.209,1.281259,0.682807,0.643983,-0.872172
49.308,1.257172,0.677608,0.609944,-0.86562
49.401,1.236509,0.672293,0.58115,-0.859791
49.502,1.215847,0.66634,0.552049,-0.854118
49.611,1.193264,0.658535,0.520097,-0.848357
49.705,1.175272,0.651378,0.494083,-0.844307
49.808,1.153222,0.641507,0.462663,-0.839246
49.911,1.132897,0.631569,0.434644,-0.834063
50.012,1.112304,0.620965,0.40692,-0.828274
50.108,1.091895,0.609833,0.379517,-0.822378
50.211,1.071555,0.598126,0.352442,-0.816247
50.311,1.05154,0.586165,0.325643,-0.810002
50.409,1.0321,0.573673,0.299245,-0.804104
50.508,1.013292,0.560816,0.273221,-0.798496
50.612,0.995158,0.547674,0.247775,-0.793095
50.712,0.978,0.533917,0.222475,-0.78862
50.812,0.961365,0.519988,0.197398,-0.784136
50.908,0.945572,0.505861,0.172299,-0.78008
51.011,0.930338,0.491429,0.147315,-0.776095
51.113,0.915391,0.4768,0.122788,-0.771703
51.209,0.900923,0.461788,0.098762,-0.767243
51.31,0.886886,0.446372,0.075506,-0.762638
51.411,0.873334,0.430358,0.052867,-0.758096
51.511,0.860401,0.413835,0.030769,-0.753713
51.611,0.848182,0.396682,0.00893,-0.749651
51.711,0.838838,0.382778,-0.008285,-0.746365
51.81,0.825634,0.361593,-0.033568,-0.741482
51.911,0.815332,0.343794,-0.053579,-0.737361
52.011,0.805635,0.325916,-0.072286,-0.733213
52.112,0.796184,0.307775,-0.08919,-0.728855
52.212,0.786935,0.289449,-0.104161,-0.724319
52.314,0.778072,0.270941,-0.116914,-0.719944
52.416,0.769206,0.252354,-0.127064,-0.715437
52.512,0.760535,0.233721,-0.134494,-0.711125
52.612,0.751832,0.215304,-0.139085,-0.706789
52.717,0.741996,0.195126,-0.140499,-0.701958
52.811,0.73389,0.178892,-0.139039,-0.698041
52.911,0.724335,0.160964,-0.134197,-0.693357
53.011,0.714539,0.143294,-0.126473,-0.688503
53.111,0.704613,0.125906,-0.115972,-0.683504
53.211,0.695542,0.108454,-0.103076,-0.679258
53.313,0.68693,0.091252,-0.087977,-0.675134
53.413,0.678584,0.074147,-0.07092,-0.670782
53.516,0.670653,0.057163,-0.052512,-0.666146
53.612,0.663748,0.039962,-0.033224,-0.66171
53.718,0.65669,0.021364,-0.011945,-0.656234
53.821,0.650703,0.005224,0.006533,-0.650649
53.917,0.64526,-0.010098,0.023816,-0.644741
54.02,0.640849,-0.024235,0.039617,-0.639164
54.123,0.637466,-0.036893,0.053991,-0.634103
54.222,0.633908,-0.047199,0.066688,-0.628621
54.321,0.630647,-0.056003,0.077608,-0.623343
54.422,0.626913,-0.062292,0.086373,-0.617802
54.521,0.622761,-0.065822,0.092466,-0.612331
54.621,0.61868,-0.066389,0.095675,-0.607622
54.721,0.614289,-0.063903,0.096021,-0.603364
54.822,0.60962,-0.058472,0.093604,-0.599547
54.918,0.604414,-0.05029,0.088692,-0.595752
55.022,0.598814,-0.039856,0.081454,-0.591908
55.118,0.592746,-0.027225,0.071988,-0.587728
55.219,0.587266,-0.014404,0.061906,-0.583816
55.321,0.580722,0.002565,0.04813,-0.578718
55.419,0.575413,0.018639,0.034673,-0.574065
55.52,0.571006,0.03426,0.020925,-0.569593
55.621,0.567522,0.04885,0.007197,-0.56537
55.721,0.564658,0.062207,-0.006043,-0.561188
55.821,0.562221,0.073827,-0.018776,-0.557036
55.923,0.559692,0.083538,-0.030515,-0.552581
56.022,0.557228,0.090506,-0.040965,-0.548301
56.121,0.554447,0.094745,-0.049815,-0.544016
56.224,0.550864,0.096168,-0.056358,-0.539468
56.321,0.546839,0.094392,-0.06068,-0.535201
56.421,0.542222,0.089745,-0.062334,-0.531098
56.522,0.537206,0.082296,-0.06177,-0.527259
56.631,0.530623,0.071541,-0.058745,-0.522486
56.725,0.524404,0.061091,-0.05452,-0.517972
56.835,0.516267,0.046595,-0.04785,-0.511929
56.922,0.509562,0.033833,-0.041315,-0.506756
57.025,0.502566,0.018925,-0.033225,-0.501109
57.131,0.49535,0.001982,-0.023747,-0.494776
57.229,1.485255,0.986799,0.985351,0.511169
57.332,1.484041,0.972372,0.994644,0.517255
57.427,1.482476,0.958529,1.00358,0.521328
57.531,1.479945,0.945227,1.011608,0.522908
57.626,1.476234,0.933332,1.017632,0.522097
57.728,1.469412,0.918604,1.022804,0.518853
57.827,1.460795,0.905299,1.024631,0.514281
57.996,1.451424,0.894041,1.023714,0.509246
58.03,1.438004,0.881466,1.019167,0.502168
58.295,1.426828,0.873296,1.013304,0.496395
58.304,1.396663,0.858105,0.991136,0.481637
58.399,1.382501,0.853173,0.978555,0.475219
58.504,1.359716,0.847097,0.956193,0.465778
58.616,1.339658,0.843246,0.934804,0.457996
58.702,1.319169,0.840394,0.911331,0.451022
58.799,1.2982,0.838382,0.886113,0.444121
59.017,1.2662,0.83643,0.845717,0.434062
59.021,1.251364,0.835763,0.82631,0.42968
59.123,1.230445,0.834964,0.798204,0.423911
59.221,1.20946,0.833973,0.769492,0.418527
59.345,1.190911,0.833182,0.74348,0.4139
59.43,1.16823,0.832055,0.711408,0.407855
59.63,1.140002,0.83042,0.670446,0.400637
59.639,1.124239,0.829498,0.646956,0.396603
59.782,1.104916,0.828217,0.617562,0.391807
59.842,1.086079,0.826884,0.58812,0.387227
59.952,1.069598,0.825536,0.561822,0.383256
60.041,1.049911,0.823406,0.53003,0.37866
60.248,1.034569,0.821346,0.504589,0.37565
60.252,1.014645,0.817512,0.471626,0.372489
60.352,0.998371,0.813063,0.445406,0.370523
60.451,0.982628,0.807771,0.420444,0.369175
60.554,0.966995,0.80133,0.39694,0.367951
60.658,0.949893,0.793176,0.372501,0.366621
60.785,0.935633,0.785413,0.353753,0.365231
60.86,0.917892,0.774758,0.332142,0.363259
60.953,0.902782,0.764784,0.315685,0.3612
61.065,0.883864,0.751376,0.296809,0.358543
61.16,0.867831,0.739254,0.282587,0.35606
61.259,0.847798,0.723385,0.266587,0.352714
61.385,0.828886,0.707821,0.253462,0.348997
61.462,0.809374,0.691302,0.24164,0.34467
61.567,0.789483,0.674166,0.230726,0.339925
61.684,0.764919,0.652654,0.218361,0.333861
61.759,0.748211,0.637978,0.21042,0.329434
61.861,0.727392,0.619517,0.200977,0.323892
61.957,0.706576,0.60087,0.191949,0.31837
62.058,0.685735,0.582051,0.183276,0.312825
62.168,0.664979,0.562951,0.174982,0.307677
62.261,0.644351,0.543741,0.166969,0.302747
62.361,0.623948,0.52446,0.159435,0.298049
62.461,0.603604,0.505154,0.152195,0.293246
62.583,0.582179,0.483878,0.145146,0.289356
62.657,0.563872,0.466859,0.13889,0.284084
62.76,0.542779,0.446803,0.131862,0.278548
62.879,0.521362,0.424922,0.124152,0.275401
62.964,0.503695,0.407607,0.116912,0.271839
63.061,0.486862,0.391255,0.108974,0.268475
63.18,2.608391,-1.627997,-1.900476,-0.735883
63.259,2.629109,-1.647216,-1.910584,-0.740651
63.36,2.648703,-1.665252,-1.920431,-0.744654
63.46,2.6656,-1.681593,-1.928904,-0.74632
63.561,2.678013,-1.695136,-1.934689,-0.74515
63.66,2.68534,-1.705758,-1.936639,-0.742206
63.761,2.687434,-1.713137,-1.93471,-0.737806
63.861,2.684831,-1.717542,-1.929147,-0.73264
63.96,2.678318,-1.719378,-1.920402,-0.727451
64.095,2.666564,-1.718211,-1.907456,-0.721058
64.16,2.653929,-1.715213,-1.894567,-0.71554
64.26,2.637262,-1.710128,-1.878139,-0.709371
64.375,2.61557,-1.701942,-1.857789,-0.702296
64.471,2.593666,-1.692738,-1.83765,-0.696263
64.57,2.569602,-1.681562,-1.81622,-0.690324
64.666,2.543798,-1.668707,-1.793743,-0.684697
64.771,2.516474,-1.654127,-1.770493,-0.679603
64.871,2.490809,-1.640318,-1.74796,-0.676847
64.97,2.461734,-1.623434,-1.724064,-0.672458
65.071,2.432077,-1.605514,-1.700123,-0.668509
65.17,2.402778,-1.587423,-1.676559,-0.665266
65.268,2.37215,-1.56868,-1.652329,-0.660415
65.37,2.342897,-1.548745,-1.629863,-0.658862
65.47,2.312736,-1.528727,-1.606742,-0.655835
65.572,2.282616,-1.508454,-1.58366,-0.653395
65.669,2.252482,-1.487981,-1.560564,-0.651327
65.769,2.222095,-1.467172,-1.537508,-0.648986
65.87,2.191704,-1.446197,-1.514564,-0.646668
65.979,2.160754,-1.424463,-1.491708,-0.643873
66.067,2.129779,-1.402413,-1.469171,-0.640884
66.174,2.098511,-1.379815,-1.446913,-0.637415
66.27,2.067022,-1.356836,-1.424944,-0.633332
66.372,2.035408,-1.333506,-1.403376,-0.628636
66.477,2.000907,-1.307681,-1.380248,-0.623308
66.572,1.972697,-1.286289,-1.361647,-0.6188
66.669,1.941277,-1.26221,-1.341127,-0.613808
66.771,1.90999,-1.237975,-1.320872,-0.608916
66.87,1.878753,-1.213772,-1.300565,-0.604152
66.974,1.847283,-1.18914,-1.280563,-0.598798
67.07,1.815972,-1.164523,-1.260858,-0.593193
67.17,1.784775,-1.139851,-1.241281,-0.587693
67.277,1.75092,-1.112711,-1.220222,-0.581938
67.37,1.723103,-1.090281,-1.203027,-0.577143
67.469,1.692261,-1.064947,-1.18423,-0.572043
67.571,1.661528,-1.039418,-1.165574,-0.567205
67.674,1.63107,-1.013437,-1.147446,-0.562762
67.77,1.600856,-0.987073,-1.129576,-0.559004
67.87,1.57088,-0.960302,-1.112148,-0.555528
67.971,1.541166,-0.933374,-1.094994,-0.552265
68.085,1.508151,-0.902865,-1.07657,-0.548043
68.181,1.478508,-0.874931,-1.060242,-0.544396
68.296,1.448928,-0.846584,-1.044344,-0.540401
68.379,1.41932,-0.817996,-1.028733,-0.535779
68.477,1.392893,-0.792175,-1.015019,-0.531363
68.584,1.360851,-0.760938,-0.998383,-0.52547
68.68,1.331882,-0.732701,-0.983398,-0.519603
68.778,1.308878,-0.710131,-0.971563,-0.514723
68.879,1.274899,-0.676503,-0.954077,-0.507395
68.979,1.24658,-0.647986,-0.939861,-0.500737
69.076,1.218607,-0.619757,-0.925846,-0.493673
69.181,1.191001,-0.591053,-0.91233,-0.486615
69.28,1.163875,-0.562629,-0.898929,-0.479563
69.377,1.136716,-0.533485,-0.885443,-0.472767
69.476,1.109674,-0.504271,-0.871815,-0.465859
69.58,1.082611,-0.475069,-0.857927,-0.458603
69.682,1.055934,-0.446365,-0.84391,-0.451186
69.781,1.030192,-0.418932,-0.829686,-0.44431
69.877,1.005132,-0.393063,-0.815095,-0.437507
69.981,0.98082,-0.368948,-0.800287,-0.430612
70.083,0.957515,-0.346764,-0.78537,-0.424008
70.179,0.934893,-0.327258,-0.769746,-0.417633
70.283,0.912485,-0.310466,-0.753148,-0.411105
70.38,0.890491,-0.297019,-0.735597,-0.404537
70.48,0.868533,-0.287125,-0.716787,-0.39765
70.581,0.847473,-0.280745,-0.697162,-0.39161
70.691,0.824338,-0.277274,-0.674193,-0.384858
70.782,0.805607,-0.276848,-0.654429,-0.379578
70.88,0.784921,-0.278933,-0.631541,-0.373435
70.981,0.765397,-0.28391,-0.607858,-0.368423
71.09,0.744659,-0.291852,-0.581253,-0.362609
71.186,0.726376,-0.300547,-0.556554,-0.357129
71.279,0.710922,-0.309791,-0.534021,-0.352506
71.381,0.69415,-0.319935,-0.509021,-0.346963
71.487,0.676449,-0.330634,-0.48185,-0.340712
71.587,0.660781,-0.33926,-0.457466,-0.33505
71.689,0.645288,-0.346279,-0.433625,-0.329329
71.789,0.629563,-0.351505,-0.41018,-0.323335
71.889,0.613542,-0.354364,-0.38748,-0.317362
71.991,0.597057,-0.354523,-0.365703,-0.311531
72.094,0.579958,-0.351628,-0.345071,-0.305998
72.188,0.562128,-0.345618,-0.325592,-0.300875
72.289,0.543226,-0.336262,-0.307554,-0.295692
72.391,0.523342,-0.323879,-0.290756,-0.290603
72.49,0.502244,-0.308389,-0.274882,-0.285632
72.59,0.480466,-0.290408,-0.259764,-0.281129
